Date,IRBR3.SA,AAPL34.SA,CSNA3.SA,CESP6.SA,TEND3.SA
2017-11-03,10.332369804382324,12.29268741607666,6.622097492218018,11.14056396484375,8.196823120117188
2017-11-06,10.492817878723145,12.351051330566406,6.970628261566162,11.32847785949707,7.918884754180908
2017-11-07,10.495965957641602,12.405088424682617,6.671887397766113,11.006340026855469,7.848223686218262
2017-11-08,10.675482749938965,12.431026458740234,6.862750053405762,11.409011840820312,7.9141740798950195
2017-11-09,10.637804985046387,12.465922355651855,6.514218330383301,11.051081657409668,7.867067813873291
2017-11-10,10.600126266479492,12.672041893005371,6.3731465339660645,10.827376365661621,8.008390426635742
2017-11-13,10.672375679016113,12.568982124328613,6.5308146476745605,11.31952953338623,8.126161575317383
2017-11-14,10.575071334838867,12.531704902648926,6.14909029006958,10.872117042541504,7.961281776428223
2017-11-15,10.575071334838867,12.531704902648926,6.14909029006958,10.872117042541504,7.961281776428223
2017-11-16,10.549921035766602,12.376017570495605,6.099299907684326,10.961599349975586,8.385255813598633
2017-11-17,10.578180313110352,12.240067481994629,6.406339645385742,10.934754371643066,8.521870613098145
2017-11-20,10.578180313110352,12.240067481994629,6.406339645385742,10.934754371643066,8.521870613098145
2017-11-21,10.675482749938965,12.376017570495605,6.33995246887207,11.230047225952148,8.455918312072754
2017-11-22,10.688105583190918,12.301464080810547,6.580605506896973,11.480597496032715,8.225088119506836
2017-11-23,10.641007423400879,12.937365531921387,6.680185794830322,11.587976455688477,8.281618118286133
2017-11-24,10.675482749938965,12.415486335754395,6.580605506896973,11.757993698120117,8.371123313903809
2017-11-27,10.675482749938965,12.39794635772705,6.638693809509277,11.543234825134277,8.375834465026855
2017-11-28,10.63158893585205,12.209367752075195,6.456130027770996,11.489545822143555,8.314593315124512
2017-11-29,10.666065216064453,12.088763236999512,6.240372180938721,11.14951229095459,8.055500030517578
2017-11-30,10.785409927368164,12.356282234191895,6.107597827911377,10.979496002197266,8.003679275512695
2017-12-01,10.766570091247559,12.226908683776855,6.16568660736084,11.09582233428955,8.149715423583984
2017-12-04,10.672375679016113,12.112885475158691,6.240372180938721,11.09582233428955,8.168560028076172
2017-12-05,10.556232452392578,12.165512084960938,6.0246148109436035,11.006340026855469,8.196823120117188
2017-12-06,10.675482749938965,12.047101020812988,6.223775386810303,11.212150573730469,8.243931770324707
2017-12-07,10.584490776062012,12.235679626464844,6.06610631942749,11.077926635742188,8.173269271850586
2017-12-08,10.584490776062012,12.292691230773926,6.115897178649902,11.185306549072266,8.177979469299316
2017-12-11,10.634696960449219,12.522933959960938,6.215476989746094,11.274788856506348,8.319305419921875
2017-12-12,10.675482749938965,12.568982124328613,6.422935962677002,11.14056396484375,8.620796203613281
2017-12-13,10.465145111083984,12.630378723144531,6.33995246887207,11.14951229095459,8.564268112182617
2017-12-14,10.524770736694336,12.632573127746582,6.33995246887207,11.543234825134277,8.6443510055542
2017-12-15,10.367839813232422,12.615030288696289,6.447831630706787,11.57902717590332,8.927000999450684
2017-12-18,10.361529350280762,12.81238079071045,6.2320733070373535,11.364270210266113,9.01650619506836
2017-12-19,10.298700332641602,12.64572811126709,6.14909029006958,11.30163288116455,8.81865119934082
2017-12-20,10.308120727539062,12.621607780456543,6.456130027770996,11.400063514709473,8.945842742919922
2017-12-21,10.408626556396484,12.753173828125,6.597201824188232,11.462700843811035,9.124855041503906
2017-12-22,10.575071334838867,12.865006446838379,6.680185794830322,11.516390800476074,9.242624282836914
2017-12-25,10.575071334838867,12.865006446838379,6.680185794830322,11.516390800476074,9.242624282836914
2017-12-26,10.678686141967773,12.415486335754395,6.696782112121582,11.668510437011719,9.171960830688477
2017-12-27,10.581287384033203,12.457149505615234,6.929136753082275,11.695354461669922,9.22378158569336
2017-12-28,10.675482749938965,12.457149505615234,6.9540324211120605,11.811681747436523,9.421636581420898
2017-12-29,10.675482749938965,12.457149505615234,6.9540324211120605,11.811681747436523,9.421636581420898
2018-01-02,10.584490776062012,12.345317840576172,7.2029829025268555,11.722200393676758,9.34626293182373
2018-01-03,10.584490776062012,12.334355354309082,7.46852970123291,11.668510437011719,9.317997932434082
2018-01-04,10.675482749938965,12.319005012512207,7.70088529586792,11.57902717590332,9.275601387023926
2018-01-05,10.813667297363281,12.454957962036133,7.875150680541992,11.632718086242676,9.515851974487305
2018-01-08,10.989532470703125,12.419873237609863,8.256875038146973,11.632718086242676,9.369815826416016
2018-01-09,10.973801612854004,12.476884841918945,8.48093318939209,12.25909423828125,9.275601387023926
2018-01-10,10.97069263458252,12.358476638793945,8.505825996398926,12.393319129943848,9.327418327331543
2018-01-11,11.303486824035645,12.41329574584961,9.003728866577148,12.760197639465332,9.468746185302734
2018-01-12,11.61433219909668,12.498812675476074,8.72158432006836,12.679662704467773,9.421636581420898
2018-01-15,11.77446460723877,12.43303108215332,8.945639610290527,12.742300033569336,9.398082733154297
2018-01-16,11.856133460998535,12.501006126403809,8.696688652038574,12.608076095581055,9.539405822753906
2018-01-17,11.77446460723877,12.65230655670166,9.045219421386719,12.813885688781738,9.727838516235352
2018-01-18,11.77446460723877,12.707125663757324,8.746479034423828,12.795989990234375,10.010488510131836
2018-01-19,11.77446460723877,12.549245834350586,8.862655639648438,12.885472297668457,10.038752555847168
2018-01-22,11.978586196899414,12.49661922454834,8.920743942260742,12.9660062789917,10.010488510131836
2018-01-23,11.994224548339844,12.755366325378418,8.514124870300293,12.91231632232666,9.939826965332031
2018-01-24,11.994224548339844,12.165512084960938,9.0120267868042,13.11812686920166,10.27900505065918
2018-01-25,11.994224548339844,12.165512084960938,9.0120267868042,13.11812686920166,10.27900505065918
2018-01-26,11.96285629272461,11.845365524291992,9.028623580932617,13.60133171081543,10.59934139251709
2018-01-29,11.696000099182129,11.658980369567871,8.89585018157959,13.61028003692627,10.467437744140625
2018-01-30,11.696000099182129,11.66336727142334,8.98713207244873,13.735555648803711,10.387353897094727
2018-01-31,11.79019546508789,11.718185424804688,9.119906425476074,13.780296325683594,10.528678894042969
2018-02-01,11.884391784667969,11.601967811584473,9.227784156799316,13.726607322692871,10.905543327331543
2018-02-02,11.928287506103516,11.468209266662598,8.937342643737793,13.735555648803711,10.773639678955078
2018-02-05,12.214076042175293,11.53837776184082,8.422842025756836,13.592382431030273,10.274293899536133
2018-02-06,12.15755844116211,11.428738594055176,8.746479034423828,13.735555648803711,10.472147941589355
2018-02-07,12.119880676269531,11.68278980255127,8.439440727233887,13.690814971923828,10.288427352905273
2018-02-08,12.207764625549316,11.738475799560547,8.331561088562012,13.655021667480469,10.222475051879883
2018-02-09,11.83729362487793,11.417726516723633,8.207086563110352,13.55659008026123,10.17065715789795
2018-02-15,12.028794288635254,12.484658241271973,8.763076782226562,13.869778633117676,10.575785636901855
2018-02-16,12.15124797821045,12.480203628540039,8.82116413116455,13.842934608459473,10.740666389465332
2018-02-19,12.053942680358887,12.480203628540039,8.90414810180664,13.780296325683594,10.69355583190918
2018-02-20,12.141828536987305,12.524752616882324,8.655198097229004,13.860830307006836,10.740666389465332
2018-02-21,12.214076042175293,12.711854934692383,8.597107887268066,13.842934608459473,10.773639678955078
2018-02-22,12.245444297790527,12.538117408752441,8.489229202270508,13.708709716796875,10.80190658569336
2018-02-23,12.223494529724121,12.685127258300781,8.514124870300293,13.789244651794434,10.684135437011719
2018-02-26,12.217184066772461,12.916777610778809,9.028623580932617,13.726607322692871,10.740666389465332
2018-02-27,12.276810646057129,12.992509841918945,8.829463958740234,13.646073341369629,10.69355583190918
2018-02-28,12.15124797821045,13.023693084716797,8.422842025756836,13.60133171081543,10.70297908782959
2018-03-01,12.088419914245605,12.738582611083984,8.049416542053223,13.440263748168945,10.698266983032227
2018-03-02,12.214076042175293,12.789813995361328,7.642796516418457,13.36867618560791,10.69355583190918
2018-03-05,12.088419914245605,12.88113784790039,7.534916400909424,13.869778633117676,11.211746215820312
2018-03-06,12.289434432983398,12.658398628234863,7.534916400909424,13.341832160949707,11.056289672851562
2018-03-07,12.506083488464355,12.676216125488281,7.510022163391113,13.198660850524902,11.02331256866455
2018-03-08,12.716423034667969,12.794268608093262,7.128297328948975,13.440263748168945,11.02331256866455
2018-03-09,13.26586627960205,12.996962547302246,7.410442352294922,13.58343505859375,11.305963516235352
2018-03-12,13.554763793945312,13.253116607666016,7.485127925872803,13.726607322692871,11.305963516235352
2018-03-13,13.689746856689453,13.030374526977539,7.36065149307251,13.869778633117676,11.673406600952148
2018-03-14,13.438620567321777,13.04819393157959,7.310861587524414,13.869778633117676,11.989032745361328
2018-03-15,13.042998313903809,13.077150344848633,7.078507423400879,14.004002571105957,11.871262550354004
2018-03-16,12.732151985168457,12.970234870910645,7.061910152435303,14.182967185974121,11.847707748413086
2018-03-19,13.15603256225586,12.765312194824219,6.854451656341553,14.406673431396484,11.824151992797852
2018-03-20,13.344426155090332,12.890048027038574,6.987225532531738,14.308242797851562,11.86184024810791
2018-03-21,13.425997734069824,12.61161994934082,7.3689494132995605,14.2903470993042,11.777045249938965
2018-03-22,13.299229621887207,12.513614654541016,7.219579219818115,14.227707862854004,11.918368339538574
2018-03-23,13.2050199508667,12.257462501525879,7.111700534820557,14.0845365524292,11.777045249938965
2018-03-26,13.314867973327637,12.649487495422363,7.111700534820557,14.021899223327637,12.026719093322754
2018-03-27,13.182975769042969,12.357696533203125,6.970628261566162,13.896623611450195,12.111513137817383
2018-03-28,13.13276195526123,12.549253463745117,6.904241561889648,14.004002571105957,12.059694290161133
2018-03-29,13.145293235778809,12.431200981140137,7.3025641441345215,14.138226509094238,12.413006782531738
2018-04-02,13.063706398010254,12.257462501525879,7.4187397956848145,13.690814971923828,12.248126983642578
2018-04-03,13.044864654541016,12.46015739440918,7.294264316558838,13.798192977905273,12.17275333404541
2018-04-04,13.126449584960938,12.740811347961426,7.1365966796875,13.842934608459473,11.777045249938965
2018-04-05,13.47502326965332,12.82099723815918,7.36065149307251,13.941364288330078,11.918368339538574
2018-04-06,13.343131065368652,12.709627151489258,7.153193950653076,14.04874324798584,12.314078330993652
2018-04-09,13.456183433532715,12.93014144897461,6.962330341339111,13.851881980895996,12.153910636901855
2018-04-10,13.47502326965332,13.135063171386719,7.095104217529297,13.959260940551758,12.248126983642578
2018-04-11,13.610121726989746,13.02814769744873,7.294264316558838,14.138226509094238,12.092670440673828
2018-04-12,13.314867973327637,13.253116607666016,7.352353572845459,14.138226509094238,12.210439682006836
2018-04-13,13.314867973327637,13.30434799194336,7.269370079040527,14.496156692504883,12.111513137817383
2018-04-16,13.377704620361328,13.460267066955566,7.070209503173828,14.540897369384766,11.871262550354004
2018-04-17,13.864484786987305,13.580546379089355,7.211281776428223,14.91672420501709,11.880682945251465
2018-04-18,14.322907447814941,13.455810546875,7.659392833709717,15.158327102661133,11.97961139678955
2018-04-19,14.82221508026123,13.030374526977539,7.692586898803711,15.33729076385498,12.116223335266113
2018-04-20,14.8379487991333,12.669534683227539,7.543216705322266,15.569944381713867,12.130356788635254
2018-04-23,14.495686531066895,12.598258018493652,7.576409816741943,16.06209945678711,12.120933532714844
2018-04-24,14.564743041992188,12.731901168823242,7.576409816741943,15.534152030944824,12.087959289550781
2018-04-25,14.819107055664062,12.651715278625488,7.584708213806152,15.167275428771973,12.040850639343262
2018-04-26,15.151947021484375,12.651715278625488,7.651094436645508,15.731012344360352,11.974899291992188
2018-04-27,15.020054817199707,12.489113807678223,7.385546684265137,15.739961624145508,11.989032745361328
2018-04-30,14.853681564331055,12.896729469299316,7.285966396331787,15.704167366027832,12.01729679107666
2018-05-02,14.913315773010254,14.061668395996094,7.393845081329346,15.424423217773438,11.786467552185059
2018-05-03,15.13310432434082,13.952523231506348,7.119999885559082,15.24506950378418,11.673406600952148
2018-05-04,15.795774459838867,14.478194236755371,7.219579219818115,15.02087688446045,11.423734664916992
2018-05-07,15.557047843933105,14.620747566223145,7.028717041015625,15.056747436523438,11.423734664916992
2018-05-08,15.27762222290039,14.765531539916992,7.028717041015625,14.904296875,11.508529663085938
2018-05-09,15.199053764343262,15.075139999389648,7.219579219818115,14.823588371276855,11.4378662109375
2018-05-10,14.894474983215332,15.26528263092041,7.460232257843018,14.680105209350586,11.654562950134277
2018-05-11,15.136309623718262,15.432807922363281,7.70088529586792,14.536620140075684,12.116223335266113
2018-05-14,15.073472023010254,15.478087425231934,7.9000468254089355,14.48281478881836,12.0314302444458
2018-05-15,15.827143669128418,15.360363006591797,7.800465106964111,14.635265350341797,11.791178703308105
2018-05-16,16.056354522705078,15.684098243713379,7.949835777282715,14.644232749938965,11.918368339538574
2018-05-17,15.842878341674805,15.761069297790527,7.725780487060547,14.303461074829102,11.635721206665039
2018-05-18,15.312101364135742,15.847099304199219,7.692586898803711,14.258623123168945,11.729937553405762
2018-05-21,15.136309623718262,15.61844539642334,7.510022163391113,14.796684265136719,11.678117752075195
2018-05-22,15.418935775756836,15.480348587036133,7.626199245452881,15.047779083251953,12.125645637512207
2018-05-23,15.148838996887207,15.48487663269043,7.219579219818115,14.689071655273438,12.375319480895996
2018-05-24,15.227314949035645,15.48261547088623,7.1365966796875,14.931199073791504,12.342344284057617
2018-05-25,15.042098999023438,15.756543159484863,6.779766082763672,14.464879035949707,12.342344284057617
2018-05-28,14.97926139831543,15.756543159484863,6.099299907684326,13.89991569519043,11.734646797180176
2018-05-29,14.947892189025879,15.98066520690918,6.356549263000488,14.429008483886719,11.54150390625
2018-05-30,15.142526626586914,15.91274642944336,6.389742851257324,14.823588371276855,11.734646797180176
2018-06-01,15.387469291687012,16.25912094116211,6.447831630706787,15.182295799255371,12.106802940368652
2018-06-04,15.99983024597168,16.279497146606445,7.410442352294922,15.280939102172852,12.361186981201172
2018-06-05,15.74866771697998,16.74359130859375,7.4187397956848145,14.796684265136719,12.191596984863281
2018-06-06,16.059560775756836,16.872629165649414,7.227878093719482,14.617330551147461,11.791178703308105
2018-06-07,16.122303009033203,17.252960205078125,7.103402614593506,14.258623123168945,11.282408714294434
2018-06-08,16.134925842285156,16.15951156616211,6.746572971343994,14.572491645812988,10.966784477233887
2018-06-11,15.780040740966797,16.191204071044922,6.6884846687316895,14.65320110321045,10.952651977539062
2018-06-12,15.381253242492676,16.15951156616211,7.020419120788574,14.572491645812988,10.867857933044434
2018-06-13,15.53509521484375,15.937652587890625,6.970628261566162,14.213785171508789,10.881990432739258
2018-06-14,15.638727188110352,16.503620147705078,6.804660797119141,14.330364227294922,10.679425239562988
2018-06-15,15.767511367797852,15.978402137756348,6.522517204284668,14.124107360839844,10.735954284667969
2018-06-18,15.61357307434082,16.096120834350586,6.522517204284668,14.258623123168945,10.750086784362793
2018-06-19,15.349786758422852,15.792764663696289,6.622097492218018,13.523272514343262,10.731244087219238
2018-06-20,15.167681694030762,16.04631996154785,6.646992206573486,14.124107360839844,11.070422172546387
2018-06-21,14.891365051269531,15.761069297790527,6.265267372131348,13.89991569519043,10.834880828857422
2018-06-22,14.762580871582031,15.960290908813477,6.406339645385742,14.348299980163574,10.929098129272461
2018-06-25,14.878740310668945,15.622974395751953,6.315057754516602,14.572491645812988,10.839592933654785
2018-06-26,15.0263671875,15.91048526763916,6.2569684982299805,14.698039054870605,10.900833129882812
2018-06-27,14.963529586791992,16.16404151916504,6.240372180938721,14.384171485900879,10.929098129272461
2018-06-28,14.815997123718262,16.28628921508789,6.298460483551025,14.402106285095215,10.97620677947998
2018-06-29,15.183412551879883,16.383636474609375,6.522517204284668,14.671136856079102,11.207035064697266
2018-07-02,15.1551513671875,16.619075775146484,6.456130027770996,14.590428352355957,11.18348217010498
2018-07-03,15.010634422302246,16.619075775146484,6.489323139190674,14.536620140075684,11.362494468688965
2018-07-04,14.819107055664062,16.619075775146484,6.663589000701904,14.769780158996582,11.781755447387695
2018-07-05,15.120574951171875,16.458341598510742,6.497622013092041,14.751846313476562,11.824151992797852
2018-07-06,15.089204788208008,16.503620147705078,6.613798141479492,14.886361122131348,12.413006782531738
2018-07-10,15.509943962097168,16.422119140625,6.613798141479492,15.747258186340332,12.789870262145996
2018-07-11,15.629307746887207,16.557952880859375,6.281864166259766,16.052160263061523,12.648547172546387
2018-07-12,16.172611236572266,16.836410522460938,6.646992206573486,16.132869720458984,12.964171409606934
2018-07-13,16.486610412597656,16.748117446899414,6.655291557312012,16.2584171295166,13.17615795135498
2018-07-16,16.37666893005371,16.73227310180664,6.597201824188232,15.989386558532715,13.27508544921875
2018-07-17,16.489717483520508,16.750381469726562,6.821258544921875,15.872807502746582,13.190290451049805
2018-07-18,16.549448013305664,16.576061248779297,6.713379383087158,15.827967643737793,13.119629859924316
2018-07-19,16.85402488708496,16.79792022705078,6.597201824188232,16.23151397705078,13.12433910369873
2018-07-20,17.011070251464844,16.329301834106445,6.804660797119141,16.877187728881836,13.279796600341797
2018-07-23,17.073814392089844,16.478717803955078,6.796361923217773,16.859251022338867,13.143182754516602
2018-07-24,17.067594528198242,16.388160705566406,7.227878093719482,16.509511947631836,13.091361999511719
2018-07-25,17.31875991821289,16.356470108032227,7.261070728302002,16.679899215698242,12.964171409606934
2018-07-26,16.80060577392578,16.533048629760742,7.1863861083984375,16.294288635253906,12.907641410827637
2018-07-27,16.332765579223633,15.960290908813477,7.717482089996338,16.052160263061523,12.860533714294434
2018-07-30,16.492921829223633,16.098388671875,7.568112373352051,15.827967643737793,12.794581413269043
2018-07-31,16.769235610961914,16.247802734375,7.61790132522583,15.612743377685547,12.526065826416016
2018-08-01,16.753503799438477,17.19409942626953,7.659392833709717,16.007322311401367,12.804003715515137
2018-08-02,17.233972549438477,17.730640411376953,7.933239459991455,15.711387634277344,12.931195259094238
2018-08-03,17.419279098510742,17.506515502929688,8.007923126220703,15.747258186340332,12.983014106750488
2018-08-06,17.620229721069336,17.59254264831543,7.924941539764404,15.388551712036133,13.185579299926758
2018-08-07,17.88090705871582,17.74195671081543,7.983028888702393,15.514098167419434,12.95474910736084
2018-08-08,18.43674087524414,17.735166549682617,7.958134651184082,15.137455940246582,13.030122756958008
2018-08-09,18.245210647583008,18.360822677612305,7.858553886413574,15.236101150512695,13.16673469543457
2018-08-10,18.151002883911133,18.507856369018555,7.60130500793457,14.940167427062988,13.011279106140137
2018-08-13,18.072431564331055,18.834087371826172,7.958134651184082,15.011909484863281,13.001858711242676
2018-08-14,18.54037094116211,18.680160522460938,7.916642189025879,15.09261703491211,13.284506797790527
2018-08-15,18.63768768310547,18.93287467956543,7.501723766326904,14.931199073791504,13.48236083984375
2018-08-16,18.684789657592773,19.201671600341797,7.451933860778809,14.796684265136719,13.435253143310547
2018-08-17,18.54347801208496,19.635881423950195,7.476829528808594,14.886361122131348,13.402276992797852
2018-08-20,18.794734954833984,19.702503204345703,7.833658695220947,15.460293769836426,13.689638137817383
2018-08-21,18.62204933166504,19.964406967163086,7.559811592102051,14.922231674194336,13.661373138427734
2018-08-22,18.52783966064453,20.102252960205078,7.8419575691223145,15.379583358764648,13.618973731994629
2018-08-23,17.918590545654297,20.4813232421875,7.490052223205566,15.41545581817627,13.180869102478027
2018-08-24,17.899749755859375,20.4422664642334,7.67708158493042,15.24506950378418,13.237401008605957
2018-08-27,18.13838005065918,20.4813232421875,7.748330593109131,15.325778007507324,13.628396987915039
2018-08-28,18.279691696166992,20.96147918701172,7.561301231384277,15.307841300964355,13.802695274353027
2018-08-29,18.515214920043945,21.154462814331055,7.6592698097229,15.191263198852539,13.89220142364502
2018-08-30,18.53095054626465,21.501367568969727,7.712705612182617,14.985005378723145,13.89220142364502
2018-08-31,18.66594886779785,21.347442626953125,7.819579124450684,14.976038932800293,13.896913528442383
2018-09-03,18.684789657592773,21.347442626953125,7.881922721862793,15.460293769836426,13.699058532714844
2018-09-04,18.775894165039062,21.949365615844727,7.472241401672363,14.976038932800293,13.355169296264648
2018-09-05,19.692832946777344,21.613943099975586,7.39208459854126,15.155391693115234,13.284506797790527
2018-09-06,20.58781623840332,21.1200008392334,7.436616897583008,15.289905548095703,13.581289291381836
2018-09-10,20.40882110595703,20.63065528869629,7.605832576751709,15.558938026428223,13.543601036071777
2018-09-11,20.041406631469727,21.432449340820312,7.276305675506592,15.24506950378418,12.912351608276367
2018-09-12,19.831035614013672,21.106218338012695,7.400992393493652,15.406487464904785,12.884087562561035
2018-09-13,19.692832946777344,21.845977783203125,7.374272346496582,15.24506950378418,12.672100067138672
2018-09-14,19.7839298248291,21.4921817779541,7.570208549499512,15.433389663696289,12.813424110412598
2018-09-17,19.7839298248291,20.75471305847168,7.694894790649414,15.289905548095703,12.860533714294434
2018-09-18,19.369409561157227,20.851205825805664,7.953171730041504,15.155391693115234,12.884087562561035
2018-09-19,19.57036018371582,20.87647819519043,7.962077617645264,15.137455940246582,12.502511978149414
2018-09-20,19.76198387145996,20.713361740112305,7.864110469818115,15.110553741455078,12.116223335266113
2018-09-21,19.878143310546875,20.382535934448242,8.104576110839844,15.02087688446045,12.106802940368652
2018-09-24,20.097930908203125,20.839719772338867,7.828486442565918,14.931199073791504,11.824151992797852
2018-09-25,20.36802864074707,20.92472267150879,8.27379322052002,14.689071655273438,12.007875442504883
2018-09-26,20.56897735595703,20.46064567565918,8.282697677612305,13.630884170532227,11.86655044555664
2018-09-27,20.50623321533203,20.612276077270508,8.238167762756348,13.711594581604004,12.130356788635254
2018-09-28,20.86733627319336,20.81214714050293,8.31832218170166,13.317015647888184,12.483668327331543
2018-10-01,20.72602081298828,20.786876678466797,8.291604995727539,12.285731315612793,12.79929256439209
2018-10-02,21.11859130859375,20.82823371887207,8.621131896972656,12.653406143188477,13.284506797790527
2018-10-03,20.396289825439453,20.662817001342773,8.558788299560547,12.653406143188477,13.863937377929688
2018-10-04,20.097930908203125,20.380239486694336,8.558788299560547,12.841728210449219,13.953442573547363
2018-10-05,20.07908821105957,19.84724235534668,8.353946685791016,12.77895450592041,14.014684677124023
2018-10-08,19.3286190032959,19.321136474609375,8.638943672180176,12.97624397277832,14.697752952575684
2018-10-09,19.03026008605957,19.31654167175293,8.817065238952637,12.823792457580566,14.019393920898438
2018-10-10,19.35367774963379,18.831790924072266,8.309416770935059,12.653406143188477,13.567154884338379
2018-10-11,19.85298728942871,18.6525936126709,8.1402006149292,12.940372467041016,13.096074104309082
2018-10-15,19.878143310546875,18.682456970214844,8.31832218170166,13.523272514343262,13.096074104309082
2018-10-16,20.905019760131836,18.98341941833496,9.021907806396484,13.75643253326416,13.33161449432373
2018-10-17,21.674427032470703,18.58826446533203,8.99518871307373,13.451531410217285,13.284506797790527
2018-10-18,21.787477493286133,18.386093139648438,8.736910820007324,13.630884170532227,12.931195259094238
2018-10-19,21.668113708496094,18.79732894897461,8.728005409240723,15.827967643737793,12.483668327331543
2018-10-22,21.57701301574707,18.726110458374023,8.906126022338867,16.222545623779297,12.789870262145996
2018-10-23,22.56310272216797,18.81570816040039,8.638943672180176,16.50054359436035,12.851110458374023
2018-10-24,21.81574058532715,18.58137321472168,8.220355033874512,16.366029739379883,12.771027565002441
2018-10-25,21.93501091003418,18.666378021240234,8.282697677612305,16.859251022338867,12.672100067138672
2018-10-26,21.69948959350586,18.12419319152832,8.282697677612305,17.217960357666016,12.780449867248535
2018-10-29,21.36353874206543,17.90593910217285,7.944265365600586,17.217960357666016,12.808714866638184
2018-10-30,22.396636962890625,18.05067253112793,8.264885902404785,17.76498794555664,13.237401008605957
2018-10-31,22.754629135131836,18.700836181640625,8.523163795471191,17.800859451293945,13.439963340759277
2018-11-01,21.793697357177734,18.622724533081055,8.612224578857422,17.657377243041992,13.378722190856934
2018-11-05,21.511070251464844,17.457944869995117,8.825972557067871,17.41524887084961,13.190290451049805
2018-11-06,21.41685676574707,17.453353881835938,8.647848129272461,16.922027587890625,13.048965454101562
2018-11-07,20.565868377685547,17.92661476135254,8.745816230773926,17.038606643676758,13.096074104309082
2018-11-08,21.27742576599121,18.26169776916504,8.728005409240723,16.96686553955078,12.95946216583252
2018-11-09,21.44527244567871,17.737403869628906,8.53207015991211,16.581254959106445,13.204421997070312
2018-11-12,21.910715103149414,17.203792572021484,8.31832218170166,16.473642349243164,14.221960067749023
2018-11-13,22.48064613342285,17.087282180786133,8.220355033874512,16.321191787719727,14.05708122253418
2018-11-14,22.59140396118164,16.46512222290039,8.21144962310791,16.70680046081543,13.967575073242188
2018-11-16,23.018850326538086,16.730764389038086,8.594411849975586,16.886154174804688,14.151296615600586
2018-11-19,23.07907485961914,16.31365966796875,8.398478507995605,16.635059356689453,13.732034683227539
2018-11-21,23.338680267333984,15.812670707702637,8.07785701751709,16.814414978027344,13.896913528442383
2018-11-22,23.395671844482422,15.812670707702637,7.970983028411865,16.679899215698242,14.033527374267578
2018-11-23,23.440031051635742,15.316338539123535,7.685987949371338,16.51848030090332,13.64724063873291
2018-11-26,23.633140563964844,15.754413604736328,7.52567720413208,16.51848030090332,13.604841232299805
2018-11-27,24.21893882751465,15.563338279724121,7.623645782470703,16.59022331237793,14.391549110412598
2018-11-28,24.0637264251709,16.05267906188965,7.712705612182617,17.119314193725586,14.424525260925293
2018-11-29,23.937108993530273,16.062000274658203,7.819579124450684,17.756019592285156,14.118321418762207
2018-11-30,23.699636459350586,16.0386962890625,7.8997344970703125,17.45111846923828,14.485766410827637
2018-12-03,23.329177856445312,16.451139450073242,8.175825119018555,17.756019592285156,14.141875267028809
2018-12-04,23.633140563964844,15.945490837097168,7.935359001159668,17.935375213623047,13.774432182312012
2018-12-05,23.55714988708496,15.954813003540039,7.962077617645264,18.204404830932617,13.755589485168457
2018-12-06,23.73126220703125,15.717129707336426,8.006608009338379,18.41963005065918,14.22667121887207
2018-12-07,24.032093048095703,15.374592781066895,7.739424228668213,18.652788162231445,14.17956256866455
2018-12-10,23.81048583984375,15.551687240600586,7.552395820617676,18.598983764648438,13.976997375488281
2018-12-11,23.873748779296875,15.255752563476562,7.721612453460693,18.74246597290039,14.10890007019043
2018-12-12,23.95296859741211,15.148565292358398,8.122387886047363,18.92181968688965,13.670794486999512
2018-12-13,24.0637264251709,15.418865203857422,8.07785701751709,18.832143783569336,14.4151029586792
2018-12-14,24.313926696777344,15.111281394958496,8.086764335632324,18.832143783569336,14.433945655822754
2018-12-17,24.123947143554688,14.885252952575684,8.27379322052002,18.832143783569336,14.22667121887207
2018-12-18,25.146595001220703,15.015745162963867,8.247074127197266,18.79627227783203,14.734879493713379
2018-12-19,25.30180549621582,14.787384033203125,8.238167762756348,18.92181968688965,14.79238224029541
2018-12-20,25.523414611816406,14.106968879699707,7.962077617645264,19.271560668945312,14.615084648132324
2018-12-21,25.583541870117188,13.778411865234375,7.846298694610596,18.903884887695312,14.485703468322754
2018-12-26,25.551908493041992,13.953177452087402,7.685987949371338,19.146013259887695,14.56716537475586
2018-12-27,25.74188995361328,13.713167190551758,7.623645782470703,19.101173400878906,14.734879493713379
2018-12-28,26.42580223083496,14.207167625427246,7.873015403747559,19.549556732177734,15.376983642578125
2019-01-02,26.37517738342285,14.076677322387695,8.202543258666992,19.666139602661133,15.511153221130371
2019-01-03,26.064849853515625,12.536420822143555,8.30051040649414,20.11452293395996,15.52073860168457
2019-01-04,25.77351951599121,12.736817359924316,8.683473587036133,19.908266067504883,15.889710426330566
2019-01-07,26.033220291137695,12.711185455322266,8.701287269592285,19.728912353515625,16.416810989379883
2019-01-08,26.280187606811523,13.09333610534668,8.728005409240723,19.63923454284668,16.665985107421875
2019-01-09,26.210466384887695,13.191204071044922,8.799254417419434,19.549556732177734,16.507854461669922
2019-01-10,25.672258377075195,13.172563552856445,8.888314247131348,19.459882736206055,16.17243003845215
2019-01-11,25.156091690063477,13.109648704528809,8.781440734863281,19.50472068786621,16.220346450805664
2019-01-14,25.04533576965332,12.876628875732422,8.701287269592285,19.334333419799805,16.47910499572754
2019-01-15,25.330299377441406,13.191204071044922,8.567695617675781,19.154979705810547,16.292224884033203
2019-01-16,26.280187606811523,13.440535545349121,8.852690696716309,19.011497497558594,16.292224884033203
2019-01-17,26.47016143798828,13.62695026397705,8.834877014160156,19.361236572265625,16.670778274536133
2019-01-18,27.29656219482422,13.640932083129883,8.763629913330078,19.262592315673828,16.93912124633789
2019-01-21,27.245840072631836,13.678215026855469,8.84378433227539,19.37020492553711,16.81932258605957
2019-01-22,27.416818618774414,13.517431259155273,8.719098091125488,19.37020492553711,16.843286514282227
2019-01-23,27.39155387878418,13.398591995239258,9.191123008728027,19.397106170654297,17.044540405273438
2019-01-24,27.84113311767578,13.32402515411377,9.2356538772583,19.549556732177734,17.327259063720703
2019-01-28,27.920257568359375,13.717827796936035,8.71019172668457,19.50472068786621,17.657894134521484
2019-01-29,27.359827041625977,13.382279396057129,8.941751480102539,19.468849182128906,17.624353408813477
2019-01-30,27.166715621948242,14.200177192687988,9.244560241699219,20.159360885620117,17.897483825683594
2019-01-31,26.99573516845703,14.132601737976074,9.084249496459961,20.437360763549805,17.72498321533203
2019-02-01,27.486541748046875,14.102309226989746,8.99518871307373,20.2669734954834,17.284133911132812
2019-02-04,27.70501708984375,14.582327842712402,8.817065238952637,20.30284309387207,17.442264556884766
2019-02-05,27.46754264831543,14.836318969726562,8.799254417419434,20.14142608642578,17.916654586791992
2019-02-06,27.230073928833008,14.94583797454834,8.291604995727539,19.872394561767578,17.456640243530273
2019-02-07,27.166715621948242,15.010822296142578,8.478631973266602,20.455293655395508,16.704322814941406
2019-02-08,28.246450424194336,15.032156944274902,8.77253532409668,20.598777770996094,17.010997772216797
2019-02-11,28.255950927734375,15.0890531539917,8.567695617675781,20.473230361938477,16.57015037536621
2019-02-12,29.414810180664062,14.958667755126953,8.799254417419434,20.482196807861328,17.010997772216797
2019-02-13,28.705530166625977,15.190990447998047,8.888314247131348,20.006908416748047,16.919954299926758
2019-02-14,29.12984275817871,15.05349349975586,9.021907806396484,20.177297592163086,17.25058937072754
2019-02-15,28.860645294189453,14.799836158752441,9.03081226348877,19.854459762573242,17.20267105102539
2019-02-18,29.034852981567383,15.174396514892578,9.16440486907959,20.177297592163086,16.987037658691406
2019-02-19,29.161476135253906,15.041640281677246,9.048625946044922,20.13245964050293,17.054126739501953
2019-02-20,29.367313385009766,15.219436645507812,9.387057304382324,20.08761978149414,16.776199340820312
2019-02-21,30.035367965698242,15.179136276245117,10.26876449584961,20.473230361938477,16.833702087402344
2019-02-22,29.573060989379883,15.205214500427246,11.043597221374512,21.074066162109375,16.090967178344727
2019-02-25,29.604785919189453,15.432793617248535,11.667027473449707,21.343095779418945,16.435976028442383
2019-02-26,29.683910369873047,15.458870887756348,11.747180938720703,21.253419876098633,16.11013412475586
2019-02-27,28.496553421020508,15.432793617248535,11.292969703674316,21.69283676147461,16.052631378173828
2019-02-28,28.17995834350586,15.411458969116211,11.649213790893555,21.61212730407715,16.052631378173828
2019-03-01,28.51868438720703,15.62481689453125,12.334986686706543,21.29825782775879,16.244306564331055
2019-03-07,27.388322830200195,15.944849967956543,13.127631187438965,21.235483169555664,16.028675079345703
2019-03-08,28.844877243041992,15.883214950561523,12.254831314086914,21.29825782775879,16.555774688720703
2019-03-11,28.81315040588379,16.314668655395508,12.967321395874023,21.827350616455078,16.867244720458984
2019-03-12,28.544048309326172,16.390527725219727,12.619982719421387,21.90806007385254,17.236215591430664
2019-03-13,28.252717971801758,16.49957847595215,13.795591354370117,21.90806007385254,16.95828628540039
2019-03-14,28.17995834350586,16.82435417175293,13.715435028076172,22.195026397705078,16.876829147338867
2019-03-15,27.89176368713379,16.93340301513672,13.902464866638184,21.522449493408203,17.394344329833984
2019-03-18,28.430063247680664,16.921550750732422,14.516986846923828,22.239864349365234,17.437471389770508
2019-03-19,28.81315040588379,16.760345458984375,13.964807510375977,22.105348587036133,17.288925170898438
2019-03-20,28.81315040588379,16.731901168823242,14.16074275970459,22.374380111694336,17.010997772216797
2019-03-21,28.689666748046875,17.54976463317871,13.87574577331543,22.419218063354492,16.723491668701172
2019-03-22,28.282934188842773,17.729934692382812,13.323565483093262,22.060510635375977,15.971170425415039
2019-03-25,28.689088821411133,17.23210334777832,13.270129203796387,21.970834732055664,16.033466339111328
2019-03-26,28.727169036865234,17.132535934448242,14.107305526733398,21.93496322631836,16.493480682373047
2019-03-27,28.33367919921875,17.684894561767578,13.385909080505371,20.993356704711914,15.9088773727417
2019-03-28,28.24485206604004,17.438344955444336,13.964807510375977,20.939550399780273,16.35930824279785
2019-03-29,28.958904266357422,17.63273811340332,14.472455978393555,21.64799690246582,16.17721939086914
2019-04-01,29.196922302246094,17.609031677246094,15.069169044494629,22.5896053314209,16.397645950317383
2019-04-02,29.260330200195312,17.665925979614258,15.033541679382324,22.751022338867188,16.205970764160156
2019-04-03,29.67296028137207,17.9693660736084,15.256195068359375,22.777925491333008,15.669286727905273
2019-04-04,29.206445693969727,17.940921783447266,15.122602462768555,22.876571655273438,16.292224884033203
2019-04-05,30.1743221282959,17.940921783447266,14.971200942993164,23.18147087097168,16.3880615234375
2019-04-08,30.647216796875,18.308368682861328,15.274006843566895,22.867603302001953,16.004716873168945
2019-04-09,30.21240234375,18.32259178161621,14.891044616699219,22.777925491333008,15.765122413635254
2019-04-10,29.647537231445312,18.241987228393555,14.347772598266602,22.777925491333008,16.292224884033203
2019-04-11,29.990285873413086,18.253841400146484,13.893558502197266,22.652379989624023,15.8705415725708
2019-04-12,30.3076114654541,18.41504669189453,14.38339614868164,22.840700149536133,15.9088773727417
2019-04-15,30.237825393676758,18.32259178161621,14.44573974609375,22.813796997070312,16.244306564331055
2019-04-16,30.1457576751709,18.51935386657715,13.911370277404785,23.432565689086914,16.253889083862305
2019-04-17,30.148998260498047,19.20209312438965,13.670906066894531,23.84507942199707,16.292224884033203
2019-04-18,29.476165771484375,19.050373077392578,13.599656105041504,23.84507942199707,16.541399002075195
2019-04-22,30.041030883789062,19.1309757232666,13.234503746032715,23.719533920288086,16.608482360839844
2019-04-23,31.050230026245117,19.34907341003418,13.528406143188477,23.773340225219727,17.068500518798828
2019-04-24,30.87885284423828,19.671480178833008,13.136537551879883,23.773340225219727,16.9151611328125
2019-04-25,31.101064682006836,19.318254470825195,12.92279052734375,24.212757110595703,17.058916091918945
2019-04-26,30.041030883789062,19.107269287109375,13.20778751373291,24.374174118041992,17.020584106445312
2019-04-29,30.117198944091797,19.211576461791992,13.460138320922852,24.23069190979004,17.039751052856445
2019-04-30,29.799869537353516,18.72559928894043,13.543972969055176,23.940139770507812,17.357040405273438
2019-05-02,30.625032424926758,19.666736602783203,12.938499450683594,23.73615837097168,17.337722778320312
2019-05-03,31.76751708984375,19.79237937927246,13.975321769714355,23.87523651123047,17.347379684448242
2019-05-06,31.259685516357422,19.633548736572266,13.9166841506958,24.10703468322754,17.24113655090332
2019-05-07,31.57710075378418,19.10964012145996,13.858047485351562,23.93086814880371,17.98487091064453
2019-05-08,31.57710075378418,19.059856414794922,13.946003913879395,23.782516479492188,18.255319595336914
2019-05-09,31.57710075378418,19.11598014831543,13.926457405090332,23.6434383392334,18.255319595336914
2019-05-10,32.078460693359375,18.928190231323242,14.063279151916504,24.10703468322754,18.641672134399414
2019-05-13,31.053464889526367,17.815898895263672,13.398717880249023,24.0792179107666,18.35190773010254
2019-05-14,31.256546020507812,18.21314811706543,14.00464153289795,24.10703468322754,18.641672134399414
2019-05-15,30.783647537231445,18.29741096496582,14.00464153289795,24.097763061523438,18.35190773010254
2019-05-16,30.710716247558594,18.514089584350586,14.649656295776367,24.33883285522461,17.839984893798828
2019-05-17,31.57710075378418,18.718732833862305,15.04057502746582,24.329561233520508,17.724077224731445
2019-05-20,33.07185745239258,18.143329620361328,15.04057502746582,24.30174446105957,18.2166805267334
2019-05-21,32.97341537475586,18.30222511291504,16.242647171020508,24.4779109954834,18.40019989013672
2019-05-22,32.75767517089844,17.847196578979492,16.750839233398438,24.366649627685547,18.738262176513672
2019-05-23,32.6243896484375,17.565513610839844,16.565156936645508,24.10703468322754,18.448497772216797
2019-05-24,31.70401382446289,17.226049423217773,16.83879852294922,23.828876495361328,18.545087814331055
2019-05-27,31.500940322875977,17.45476722717285,17.786775588989258,23.912324905395508,19.259843826293945
2019-05-28,32.39902877807617,17.38735580444336,17.034255981445312,23.782516479492188,19.6751766204834
2019-05-29,32.65922927856445,17.02863121032715,16.33060073852539,23.55998992919922,19.539949417114258
2019-05-30,33.10042190551758,17.11771011352539,16.51628875732422,24.524272918701172,19.607563018798828
2019-05-31,32.33238220214844,16.6337890625,16.164464950561523,24.57063102722168,19.733129501342773
2019-06-03,31.70401382446289,16.147464752197266,15.7149076461792,24.950780868530273,20.138803482055664
2019-06-04,32.1514892578125,16.6169376373291,16.40878677368164,25.21039581298828,20.138803482055664
2019-06-05,30.840770721435547,17.074373245239258,15.812638282775879,25.377290725708008,20.17743682861328
2019-06-06,30.101390838623047,17.24049186706543,16.223100662231445,25.006412506103516,20.92117691040039
2019-06-07,31.272441864013672,17.66422462463379,16.213329315185547,25.154762268066406,21.2882137298584
2019-06-10,31.28196144104004,17.9796142578125,16.848569869995117,25.1084041595459,21.181962966918945
2019-06-11,30.751943588256836,18.00850486755371,17.806318283081055,25.089859008789062,21.16264533996582
2019-06-12,30.71385955810547,18.04220962524414,16.809478759765625,25.034229278564453,21.152984619140625
2019-06-13,30.466323852539062,17.977205276489258,16.73129653930664,25.1084041595459,21.077653884887695
2019-06-14,29.704662322998047,18.177034378051758,16.38924217224121,24.84878921508789,21.077653884887695
2019-06-17,30.593233108520508,18.143329620361328,15.99832534790039,25.145492553710938,21.18449592590332
2019-06-18,31.17399787902832,18.37204360961914,16.506515502929688,25.08058738708496,21.660444259643555
2019-06-19,31.199417114257812,18.319076538085938,16.223100662231445,24.84878921508789,21.660444259643555
2019-06-21,31.570724487304688,18.30222511291504,16.1253719329834,24.80242919921875,22.116966247558594
2019-06-24,32.068946838378906,18.30222511291504,16.06673240661621,24.932235717773438,22.340368270874023
2019-06-25,31.361268997192383,18.102399826049805,15.7149076461792,24.57063102722168,21.835281372070312
2019-06-26,31.735719680786133,18.449085235595703,15.793091773986816,23.940139770507812,22.388933181762695
2019-06-27,31.54530906677246,18.3792667388916,16.096052169799805,24.487184524536133,22.243236541748047
2019-06-28,31.259685516357422,18.203514099121094,16.33060073852539,25.20112419128418,23.214555740356445
2019-07-01,32.132450103759766,18.58390998840332,16.604246139526367,25.479280471801758,23.2534122467041
2019-07-02,30.783647537231445,18.737993240356445,16.056961059570312,25.089859008789062,23.214555740356445
2019-07-03,30.542490005493164,18.706693649291992,16.49674415588379,25.507097244262695,23.175703048706055
2019-07-04,30.478984832763672,18.557424545288086,16.535837173461914,25.915063858032227,23.1174259185791
2019-07-05,30.697959899902344,18.718732833862305,16.320831298828125,26.397201538085938,23.583656311035156
2019-07-08,30.148998260498047,18.396121978759766,16.848569869995117,26.425018310546875,24.01103973388672
2019-07-10,32.195953369140625,18.333524703979492,16.848569869995117,26.43429183959961,24.574403762817383
2019-07-11,30.520305633544922,18.2227783203125,16.789932250976562,26.684633255004883,24.41899299621582
2019-07-12,29.841096878051758,18.234813690185547,16.682430267333984,27.027694702148438,23.981897354125977
2019-07-15,29.450746536254883,18.477975845336914,16.907209396362305,27.166772842407227,23.9527587890625
2019-07-16,29.42856216430664,18.490015029907227,17.200395584106445,27.111141204833984,24.0887451171875
2019-07-17,29.006507873535156,18.386489868164062,16.87788963317871,26.795896530151367,23.739070892333984
2019-07-18,28.562175750732422,18.35519027709961,17.21017074584961,27.074054718017578,24.428707122802734
2019-07-19,28.11784553527832,18.210739135742188,17.171079635620117,26.48992156982422,23.913908004760742
2019-07-22,29.276229858398438,18.586315155029297,16.965845108032227,26.610458374023438,23.709928512573242
2019-07-23,30.225162506103516,18.89929962158203,16.692203521728516,26.239580154418945,24.18587875366211
2019-07-24,30.3076114654541,18.846332550048828,16.037416458129883,25.497825622558594,23.60308265686035
2019-07-25,30.3076114654541,18.87281608581543,15.95923137664795,25.377290725708008,23.437957763671875
2019-07-26,30.225162506103516,18.819849014282227,16.076507568359375,25.961421966552734,23.836200714111328
2019-07-29,30.060070037841797,19.11838722229004,15.99832534790039,26.62900161743164,24.18587875366211
2019-07-30,29.72684669494629,19.01726722717285,16.02764129638672,26.5826416015625,24.428707122802734
2019-07-31,30.148998260498047,19.54933738708496,16.154691696166992,26.879343032836914,24.613256454467773
2019-08-01,29.142942428588867,18.781330108642578,15.86150074005127,26.916431427001953,25.35146141052246
2019-08-02,29.038211822509766,19.002824783325195,15.499902725219727,26.981334686279297,25.011497497558594
2019-08-05,29.079437255859375,18.415380477905273,14.571473121643066,26.749536514282227,24.671537399291992
2019-08-06,30.783647537231445,18.689842224121094,14.493289947509766,26.962791442871094,25.83712387084961
2019-08-07,31.412015914916992,18.92096710205078,14.258737564086914,26.730993270874023,25.52629852294922
2019-08-08,30.736042022705078,19.079866409301758,14.610564231872559,26.86079978942871,26.4199161529541
2019-08-09,31.640514373779297,19.37438201904297,14.317375183105469,26.610458374023438,25.506872177124023
2019-08-12,31.17399787902832,19.4526424407959,14.190327644348145,25.868701934814453,25.34174919128418
2019-08-13,31.916616439819336,20.242584228515625,14.63988208770752,26.183948516845703,25.137767791748047
2019-08-14,31.903949737548828,19.902639389038086,14.03395938873291,25.358745574951172,24.6326847076416
2019-08-15,31.602428436279297,19.64584732055664,13.584403991699219,25.173307418823242,24.0887451171875
2019-08-16,32.33238220214844,20.14720344543457,13.78963565826416,25.497825622558594,24.26358413696289
2019-08-19,31.926130294799805,20.83932113647461,13.555085182189941,25.599817276000977,23.92361831665039
2019-08-20,31.93889045715332,20.71459197998047,14.043733596801758,24.867332458496094,23.680788040161133
2019-08-21,32.40855026245117,20.778181076049805,13.730998039245605,24.718982696533203,24.81723403930664
2019-08-22,31.98963737487793,21.27464485168457,13.447582244873047,24.57063102722168,24.76866912841797
2019-08-23,31.894428253173828,20.37220573425293,13.310760498046875,24.468639373779297,23.87718963623047
2019-08-26,31.259685516357422,20.768396377563477,13.222804069519043,24.635534286499023,23.3587589263916
2019-08-27,31.799226760864258,20.880897521972656,13.05666446685791,25.043500900268555,24.151077270507812
2019-08-28,31.57710075378418,20.94937515258789,13.115303039550781,25.729623794555664,23.945661544799805
2019-08-29,33.005210876464844,21.2110595703125,13.88736629486084,25.460737228393555,24.73798370361328
2019-08-30,34.43332290649414,20.912691116333008,14.03395938873291,25.794527053833008,24.786890029907227
2019-09-02,33.227333068847656,21.012962341308594,14.024187088012695,25.683263778686523,25.804189682006836
2019-09-03,32.7100715637207,20.932254791259766,13.613723754882812,25.729623794555664,25.12925148010254
2019-09-04,32.84650802612305,20.927364349365234,13.799408912658691,25.683263778686523,23.965227127075195
2019-09-05,32.478336334228516,21.52410316467285,13.926457405090332,25.683263778686523,24.09238624572754
2019-09-06,32.122928619384766,21.159700393676758,13.750543594360352,25.729623794555664,24.454315185546875
2019-09-09,32.865543365478516,21.4262752532959,14.190327644348145,25.497825622558594,23.710901260375977
2019-09-10,32.941707611083984,21.521656036376953,14.561698913574219,25.1269474029541,23.867408752441406
2019-09-11,33.52885437011719,22.206436157226562,14.16100788116455,25.58127212524414,25.62812042236328
2019-09-12,33.32254409790039,22.362957000732422,14.473743438720703,26.341571807861328,25.324886322021484
2019-09-13,32.68779373168945,22.01811981201172,14.258737564086914,26.295211791992188,24.962963104248047
2019-09-16,33.9572868347168,22.12083625793457,14.053505897521973,25.599817276000977,24.65972900390625
2019-09-17,35.77574157714844,21.925188064575195,14.3271484375,26.007780075073242,25.608556747436523
2019-09-18,35.38539123535156,22.062143325805664,14.00464153289795,26.425018310546875,25.246631622314453
2019-09-19,35.588470458984375,22.595293045043945,13.877593040466309,26.564098358154297,25.52052116394043
2019-09-20,35.29332733154297,22.29692268371582,13.965550422668457,25.952150344848633,25.530302047729492
2019-09-23,35.50592803955078,22.289587020874023,14.141463279724121,26.146862030029297,25.559646606445312
2019-09-24,35.0362663269043,22.133066177368164,13.5716552734375,25.961421966552734,25.18794059753418
2019-09-25,34.99504470825195,22.40208625793457,13.81115436553955,25.507097244262695,25.041215896606445
2019-09-26,35.2457275390625,22.292034149169922,13.611572265625,25.915063858032227,25.23685073852539
2019-09-27,35.683677673339844,22.093935012817383,13.352113723754883,25.961421966552734,24.601037979125977
2019-09-30,35.85505294799805,22.876543045043945,13.202425956726074,26.425018310546875,24.102169036865234
2019-10-01,35.46470260620117,22.732248306274414,13.1924467086792,26.425018310546875,23.446792602539062
2019-10-02,34.88393783569336,22.157522201538086,12.743385314941406,26.397201538085938,23.47614097595215
2019-10-03,33.89377975463867,21.9202938079834,13.052738189697266,26.425018310546875,23.31963348388672
2019-10-04,34.60783767700195,22.419206619262695,13.2722806930542,26.981334686279297,23.182689666748047
2019-10-07,33.51295471191406,22.881431579589844,12.962926864624023,26.888614654541016,22.53709602355957
2019-10-08,33.77953338623047,22.55126953125,12.404093742370605,26.66609001159668,22.184951782226562
2019-10-09,34.22700881958008,22.64420509338379,12.404093742370605,26.842256546020508,22.458837509155273
2019-10-10,34.11275863647461,23.062410354614258,13.062718391418457,26.703176498413086,22.60556411743164
2019-10-11,34.61735916137695,23.79854965209961,13.292238235473633,26.888614654541016,23.45657730102539
2019-10-14,35.0933952331543,24.001537322998047,13.21240520477295,27.213132858276367,23.114215850830078
2019-10-15,35.2076416015625,23.871919631958008,13.591612815856934,26.851526260375977,22.312114715576172
2019-10-16,35.0362663269043,23.79854965209961,13.18246841430664,27.08332633972168,22.59578514099121
2019-10-17,35.674163818359375,23.813222885131836,13.262301445007324,27.435659408569336,22.869672775268555
2019-10-18,35.474220275878906,24.02599334716797,13.022801399230957,27.713817596435547,23.231597900390625
2019-10-21,36.797603607177734,24.248546600341797,13.362092971801758,27.806537628173828,23.47614097595215
2019-10-22,37.32124328613281,23.79854965209961,13.521759986877441,27.695274353027344,23.70111846923828
2019-10-23,37.27363967895508,23.80344009399414,13.402009010314941,27.630369186401367,23.3587589263916
2019-10-24,37.03562545776367,24.035776138305664,12.483926773071289,27.611827850341797,23.339195251464844
2019-10-25,36.84520721435547,24.07735252380371,12.09473991394043,27.73236083984375,23.300067901611328
2019-10-28,36.7880859375,24.153167724609375,12.184552192687988,27.463476181030273,23.495702743530273
2019-10-29,35.988338470458984,23.695833206176758,11.994949340820312,27.35221290588379,23.81850242614746
2019-10-30,35.559913635253906,23.585779190063477,11.775406837463379,27.81580924987793,23.82828140258789
2019-10-31,35.978824615478516,24.4564266204834,11.775406837463379,27.53765106201172,23.09465217590332
2019-11-01,36.51198196411133,24.745014190673828,11.905136108398438,27.482019424438477,24.522783279418945
